{"cameraMode":{"drawMode":0,"name":"Shaded","section":"Shading Mode"},"sceneLighting":false,"audioPlay":false,"sceneViewState":{"showFog":false,"showMaterialUpdate":false,"showSkybox":false,"showFlares":false,"showImageEffects":false,"showParticleSystems":false},"in2DMode":false,"pivot":{"x":0.007390201091766357,"y":0.3325567841529846,"z":0.002955913543701172},"rotation":{"x":-0.11335873603820801,"y":0.8564141392707825,"z":-0.21258603036403657,"w":-0.4566715955734253},"size":0.7301329970359802,"orthographic":false}