{"cameraMode":{"drawMode":0,"name":"Shaded","section":"Shading Mode"},"sceneLighting":true,"audioPlay":false,"sceneViewState":{"showFog":false,"showMaterialUpdate":false,"showSkybox":false,"showFlares":false,"showImageEffects":false,"showParticleSystems":false},"in2DMode":false,"pivot":{"x":0.0,"y":0.30000001192092898,"z":-0.5370000004768372},"rotation":{"x":-0.2573261260986328,"y":0.49707651138305666,"z":-0.15720926225185395,"w":-0.8136470913887024},"size":1.4511351585388184,"orthographic":false}