{"cameraMode":{"drawMode":0,"name":"Shaded","section":"Shading Mode"},"sceneLighting":true,"audioPlay":false,"sceneViewState":{"showFog":true,"showMaterialUpdate":true,"showSkybox":true,"showFlares":true,"showImageEffects":true,"showParticleSystems":true},"in2DMode":false,"pivot":{"x":1.1865882873535157,"y":-1.5798072814941407,"z":1.8960809707641602},"rotation":{"x":-0.3051746189594269,"y":0.25897860527038576,"z":-0.08663103729486466,"w":-0.9123015999794006},"size":3.7372334003448488,"orthographic":false}